CLASS,CREATED,DESCRIPTION,DTEND,DTSTAMP,DTSTART,EXDATE,LAST-MODIFIED,RRULE,SEQUENCE,SUMMARY,TRANSP,UID,X-MICROSOFT-CDO-BUSYSTATUS
PUBLIC,2025-08-13 05:15:14,,2025-10-16,2025-08-13 05:15:14,2025-10-15,,2025-08-13 05:15:14,,0,Early Dismissal 11:45 AM (K-8),TRANSPARENT,2156516@school.stannpv.org,FREE
PUBLIC,2025-08-13 05:15:14,"Every 4th Monday of the month, St. Ann Parish serves the hungry a hot lunch at the St. Mary's Food Kitchen",2025-08-25 09:30:00,2025-08-13 05:15:14,2025-08-25 08:30:00,,2025-08-13 05:15:14,"vRecur({'FREQ': ['MONTHLY'], 'BYDAY': ['MO'], 'BYSETPOS': [4]})",0,St. Mary's Food Kitchen,OPAQUE,2160836@school.stannpv.org,BUSY
PUBLIC,2025-08-13 05:15:14,,2025-08-15,2025-08-13 05:15:14,2025-08-14,,2025-08-13 05:15:14,,0,First Day of School (1-8) 1/2 Day  11:45 AM Dismissal,TRANSPARENT,2391407@school.stannpv.org,FREE
PUBLIC,2025-08-13 05:15:14,,2025-08-19,2025-08-13 05:15:14,2025-08-18,,2025-08-13 05:15:14,,0,First Full Day K-8,TRANSPARENT,2391413@school.stannpv.org,FREE
PUBLIC,2025-08-13 05:15:14,,2025-08-21 19:00:00,2025-08-13 05:15:14,2025-08-21 18:00:00,,2025-08-13 05:15:14,,0,K - 8 Back to School Night,OPAQUE,2391417@school.stannpv.org,BUSY
PUBLIC,2025-08-13 05:15:14,,2025-09-02,2025-08-13 05:15:14,2025-09-01,,2025-08-13 05:15:14,,0,Closed YCC & School| Labor Day,TRANSPARENT,2391484@school.stannpv.org,FREE
PUBLIC,2025-08-13 05:15:14,,2025-10-17,2025-08-13 05:15:14,2025-10-16,,2025-08-13 05:15:14,,0,YCC & K-8 Fall Conferences | No School,TRANSPARENT,2391501@school.stannpv.org,FREE
PUBLIC,2025-08-13 05:15:14,,2025-10-18,2025-08-13 05:15:14,2025-10-17,,2025-08-13 05:15:14,,0,No School | YCC & K-8,TRANSPARENT,2391504@school.stannpv.org,FREE
PUBLIC,2025-08-13 05:15:14,,2025-11-25,2025-08-13 05:15:14,2025-11-24,,2025-08-13 05:15:14,,0,Thanksgiving Break | YCC & K-8,TRANSPARENT,2391509@school.stannpv.org,FREE
PUBLIC,2025-08-13 05:15:14,,2026-04-25,2025-08-13 05:15:14,2026-04-24,,2025-08-13 05:15:14,,0,No School | YCC & K-8,TRANSPARENT,2391576@school.stannpv.org,FREE
PUBLIC,2025-08-13 05:15:14,,2026-05-20,2025-08-13 05:15:14,2026-05-19,,2025-08-13 05:15:14,,0,Last Day of School Grades 1-7,TRANSPARENT,2391598@school.stannpv.org,FREE
PUBLIC,2025-08-13 05:15:14,,2025-11-07 12:45:00,2025-08-13 05:15:14,2025-11-07 11:45:00,,2025-08-13 05:15:14,,0,Early Dismissal (K-8),OPAQUE,2395380@school.stannpv.org,BUSY
PUBLIC,2025-08-13 05:15:14,,2025-08-19,2025-08-13 05:15:14,2025-08-18,,2025-08-13 05:15:14,,0,KDO - Early dismissal all week at 11:30 AM,TRANSPARENT,2519392@school.stannpv.org,FREE
PUBLIC,2025-08-13 05:15:15,,2025-08-20 09:15:00,2025-08-13 05:15:14,2025-08-20 08:15:00,"vDDDLists([vDDDTypes(2025-09-24 08:15:00-05:00, Parameters({'TZID': '(no TZ description)'})), vDDDTypes(2025-11-05 08:15:00-06:00, Parameters({'TZID': '(no TZ description)'})), vDDDTypes(2025-11-19 08:15:00-06:00, Parameters({'TZID': '(no TZ description)'})), vDDDTypes(2025-11-26 08:15:00-06:00, Parameters({'TZID': '(no TZ description)'})), vDDDTypes(2025-12-10 08:15:00-06:00, Parameters({'TZID': '(no TZ description)'})), vDDDTypes(2025-12-24 08:15:00-06:00, Parameters({'TZID': '(no TZ description)'})), vDDDTypes(2025-12-31 08:15:00-06:00, Parameters({'TZID': '(no TZ description)'})), vDDDTypes(2026-02-18 08:15:00-06:00, Parameters({'TZID': '(no TZ description)'})), vDDDTypes(2026-03-18 08:15:00-05:00, Parameters({'TZID': '(no TZ description)'}))])",2025-08-13 05:15:15,"vRecur({'FREQ': ['WEEKLY'], 'BYDAY': ['WE']})",0,Mass,OPAQUE,2536230@school.stannpv.org,BUSY
PUBLIC,2025-08-13 05:15:15,,2025-08-16 17:00:00,2025-08-13 05:15:14,2025-08-16 16:00:00,"vDDDLists([vDDDTypes(2026-04-04 16:00:00-05:00, Parameters({'TZID': '(no TZ description)'}))])",2025-08-13 05:15:15,"vRecur({'FREQ': ['WEEKLY'], 'BYDAY': ['SA']})",0,Mass,OPAQUE,2536259@school.stannpv.org,BUSY
PUBLIC,2025-08-13 05:15:15,,2025-08-17 10:00:00,2025-08-13 05:15:14,2025-08-17 09:00:00,,2025-08-13 05:15:15,"vRecur({'FREQ': ['WEEKLY'], 'BYDAY': ['SU']})",0,Mass,OPAQUE,2536260@school.stannpv.org,BUSY
PUBLIC,2025-08-13 05:15:15,,2025-08-17 11:30:00,2025-08-13 05:15:14,2025-08-17 10:30:00,,2025-08-13 05:15:15,"vRecur({'FREQ': ['WEEKLY'], 'BYDAY': ['SU']})",0,Mass,OPAQUE,2536261@school.stannpv.org,BUSY
PUBLIC,2025-08-13 05:15:15,,2025-08-17 08:30:00,2025-08-13 05:15:14,2025-08-17 07:45:00,,2025-08-13 05:15:15,"vRecur({'FREQ': ['WEEKLY'], 'BYDAY': ['SU']})",0,Mass,OPAQUE,2711944@school.stannpv.org,BUSY
PUBLIC,2025-08-13 05:15:15,,2025-08-17 18:00:00,2025-08-13 05:15:14,2025-08-17 17:00:00,,2025-08-13 05:15:15,"vRecur({'FREQ': ['WEEKLY'], 'BYDAY': ['SU']})",0,Mass,OPAQUE,2711946@school.stannpv.org,BUSY
PUBLIC,2025-08-13 05:15:15,,2025-08-15 09:15:00,2025-08-13 05:15:14,2025-08-15 08:15:00,,2025-08-13 05:15:15,,0,Mass | Solemnity of the Assumption of the Blessed Virgin Mary,OPAQUE,2807575@school.stannpv.org,BUSY
PUBLIC,2025-08-13 05:15:15,,2025-08-15,2025-08-13 05:15:14,2025-08-14,,2025-08-13 05:15:15,,0,First Day of School K 9:30 AM Dismissal,TRANSPARENT,2807578@school.stannpv.org,FREE
PUBLIC,2025-08-13 05:15:15,,2025-08-16,2025-08-13 05:15:14,2025-08-15,,2025-08-13 05:15:15,,0,K- 8 1/2 Day School Dismissal 11:45 AM,TRANSPARENT,2807582@school.stannpv.org,FREE
PUBLIC,2025-08-13 05:15:15,,2025-09-20,2025-08-13 05:15:14,2025-09-19,,2025-08-13 05:15:15,,0,K-8 No School - School of Faith,TRANSPARENT,2807585@school.stannpv.org,FREE
PUBLIC,2025-08-13 05:15:15,,2025-10-04,2025-08-13 05:15:14,2025-10-03,,2025-08-13 05:15:15,,0,YCC & K-8 No School,TRANSPARENT,2807586@school.stannpv.org,FREE
PUBLIC,2025-08-13 05:15:15,,2025-10-05,2025-08-13 05:15:14,2025-10-04,,2025-08-13 05:15:15,,0,Ave St. Ann - A Night to Remember (used to be called Fall Festival),TRANSPARENT,2807587@school.stannpv.org,FREE
PUBLIC,2025-08-13 05:15:15,,2025-11-26,2025-08-13 05:15:14,2025-11-25,,2025-08-13 05:15:15,,0,Thanksgiving Break | YCC & K-8,TRANSPARENT,2807602@school.stannpv.org,FREE
PUBLIC,2025-08-13 05:15:15,,2025-11-27,2025-08-13 05:15:14,2025-11-26,,2025-08-13 05:15:15,,0,Thanksgiving Break | YCC & K-8,TRANSPARENT,2807603@school.stannpv.org,FREE
PUBLIC,2025-08-13 05:15:15,,2025-11-28,2025-08-13 05:15:14,2025-11-27,,2025-08-13 05:15:15,,0,Thanksgiving Break | YCC & K-8,TRANSPARENT,2807604@school.stannpv.org,FREE
PUBLIC,2025-08-13 05:15:15,,2025-11-29,2025-08-13 05:15:14,2025-11-28,,2025-08-13 05:15:15,,0,Thanksgiving Break | YCC & K-8,TRANSPARENT,2807605@school.stannpv.org,FREE
PUBLIC,2025-08-13 05:15:15,,2025-12-19 12:30:00,2025-08-13 05:15:14,2025-12-19 11:30:00,,2025-08-13 05:15:15,,0,YCC Early Dismissal Christmas Break Begins,OPAQUE,2807610@school.stannpv.org,BUSY
PUBLIC,2025-08-13 05:15:15,,2025-12-23,2025-08-13 05:15:14,2025-12-22,,2025-08-13 05:15:15,,0,Christmas Break (YCC & K-8),TRANSPARENT,2807612@school.stannpv.org,FREE
PUBLIC,2025-08-13 05:15:15,,2026-01-07,2025-08-13 05:15:14,2026-01-06,,2025-08-13 05:15:15,,0,School Resumes (YCC & K-8),TRANSPARENT,2807617@school.stannpv.org,FREE
PUBLIC,2025-08-13 05:15:15,,2025-12-24,2025-08-13 05:15:14,2025-12-23,,2025-08-13 05:15:15,,0,Christmas Break (YCC & K-8),TRANSPARENT,2807620@school.stannpv.org,FREE
PUBLIC,2025-08-13 05:15:15,,2025-12-25,2025-08-13 05:15:14,2025-12-24,,2025-08-13 05:15:15,,0,Christmas Break (YCC & K-8),TRANSPARENT,2807621@school.stannpv.org,FREE
PUBLIC,2025-08-13 05:15:15,,2025-12-26,2025-08-13 05:15:14,2025-12-25,,2025-08-13 05:15:15,,0,Christmas Break (YCC & K-8),TRANSPARENT,2807622@school.stannpv.org,FREE
PUBLIC,2025-08-13 05:15:15,,2025-12-27,2025-08-13 05:15:14,2025-12-26,,2025-08-13 05:15:15,,0,Christmas Break (YCC & K-8),TRANSPARENT,2807623@school.stannpv.org,FREE
PUBLIC,2025-08-13 05:15:15,,2025-12-30,2025-08-13 05:15:14,2025-12-29,,2025-08-13 05:15:15,,0,Christmas Break (YCC & K-8),TRANSPARENT,2807625@school.stannpv.org,FREE
PUBLIC,2025-08-13 05:15:15,,2025-12-31,2025-08-13 05:15:14,2025-12-30,,2025-08-13 05:15:15,,0,Christmas Break (YCC & K-8),TRANSPARENT,2807626@school.stannpv.org,FREE
PUBLIC,2025-08-13 05:15:15,,2026-01-01,2025-08-13 05:15:14,2025-12-31,,2025-08-13 05:15:15,,0,Christmas Break (YCC & K-8),TRANSPARENT,2807628@school.stannpv.org,FREE
PUBLIC,2025-08-13 05:15:15,,2026-01-06,2025-08-13 05:15:14,2026-01-05,,2025-08-13 05:15:15,,0,Christmas Break (YCC & K-8),TRANSPARENT,2807630@school.stannpv.org,FREE
PUBLIC,2025-08-13 05:15:15,,2026-01-02,2025-08-13 05:15:14,2026-01-01,,2025-08-13 05:15:15,,0,Christmas Break (YCC & K-8),TRANSPARENT,2807633@school.stannpv.org,FREE
PUBLIC,2025-08-13 05:15:15,,2026-01-03,2025-08-13 05:15:14,2026-01-02,,2025-08-13 05:15:15,,0,Christmas Break (YCC & K-8),TRANSPARENT,2807635@school.stannpv.org,FREE
PUBLIC,2025-08-13 05:15:15,,2026-01-20,2025-08-13 05:15:14,2026-01-19,,2025-08-13 05:15:15,,0,"No School & YCC Closed | Martin Luther King, Jr. Day",TRANSPARENT,2807644@school.stannpv.org,FREE
PUBLIC,2025-08-13 05:15:15,,2026-01-31,2025-08-13 05:15:14,2026-01-30,,2025-08-13 05:15:15,,0,11:45 AM Early Dismissal (K-8),TRANSPARENT,2807645@school.stannpv.org,FREE
PUBLIC,2025-08-13 05:15:15,,2026-01-27,2025-08-13 05:15:14,2026-01-26,,2025-08-13 05:15:15,,0,Catholic Schools Week,TRANSPARENT,2807646@school.stannpv.org,FREE
PUBLIC,2025-08-13 05:15:15,,2026-01-28,2025-08-13 05:15:14,2026-01-27,,2025-08-13 05:15:15,,0,Catholic Schools Week,TRANSPARENT,2807647@school.stannpv.org,FREE
PUBLIC,2025-08-13 05:15:15,,2026-01-29,2025-08-13 05:15:14,2026-01-28,,2025-08-13 05:15:15,,0,Catholic Schools Week,TRANSPARENT,2807648@school.stannpv.org,FREE
PUBLIC,2025-08-13 05:15:15,,2026-01-30,2025-08-13 05:15:14,2026-01-29,,2025-08-13 05:15:15,,0,Catholic Schools Week,TRANSPARENT,2807649@school.stannpv.org,FREE
PUBLIC,2025-08-13 05:15:15,,2026-01-31,2025-08-13 05:15:14,2026-01-30,,2025-08-13 05:15:15,,0,Catholic Schools Week,TRANSPARENT,2807650@school.stannpv.org,FREE
PUBLIC,2025-08-13 05:15:15,,2026-05-08 11:00:00,2025-08-13 05:15:14,2026-05-08 10:00:00,,2025-08-13 05:15:15,,0,8th Grade Clap Out,OPAQUE,2807652@school.stannpv.org,BUSY
PUBLIC,2025-08-13 05:15:15,,2026-05-13 20:00:00,2025-08-13 05:15:14,2026-05-13 19:00:00,,2025-08-13 05:15:15,,0,8th Grade Graduation,OPAQUE,2807653@school.stannpv.org,BUSY
PUBLIC,2025-08-13 05:15:15,,2026-05-20,2025-08-13 05:15:14,2026-05-19,,2025-08-13 05:15:15,,0,9:30 AM Dismissal,TRANSPARENT,2807654@school.stannpv.org,FREE
PUBLIC,2025-08-13 05:15:15,,2026-05-01 10:00:00,2025-08-13 05:15:14,2026-05-01 09:00:00,,2025-08-13 05:15:15,,0,May Crowning,OPAQUE,2807656@school.stannpv.org,BUSY
PUBLIC,2025-08-13 05:15:15,,2026-05-16,2025-08-13 05:15:14,2026-05-15,,2025-08-13 05:15:15,,0,Field Day K-7,TRANSPARENT,2807657@school.stannpv.org,FREE
PUBLIC,2025-08-13 05:15:15,,2026-04-24,2025-08-13 05:15:14,2026-04-23,,2025-08-13 05:15:15,,0,Tiger Trot & Tiny Trot,TRANSPARENT,2807661@school.stannpv.org,FREE
PUBLIC,2025-08-13 05:15:15,,2026-04-03,2025-08-13 05:15:14,2026-04-02,,2025-08-13 05:15:15,,0,No School & YCC Closed | Holy Thursday,TRANSPARENT,2807663@school.stannpv.org,FREE
PUBLIC,2025-08-13 05:15:15,,2026-04-04,2025-08-13 05:15:14,2026-04-03,,2025-08-13 05:15:15,,0,No School & YCC Closed | Good Friday,TRANSPARENT,2807664@school.stannpv.org,FREE
PUBLIC,2025-08-13 05:15:15,,2026-04-04 22:30:00,2025-08-13 05:15:14,2026-04-04 20:30:00,,2025-08-13 05:15:15,,0,Easter Vigil,OPAQUE,2807665@school.stannpv.org,BUSY
PUBLIC,2025-08-13 05:15:15,,2026-04-07,2025-08-13 05:15:14,2026-04-06,,2025-08-13 05:15:15,,0,No School & YCC Closed | Easter Break,TRANSPARENT,2807667@school.stannpv.org,FREE
PUBLIC,2025-08-13 05:15:15,,2026-05-08,2025-08-13 05:15:14,2026-05-07,,2025-08-13 05:15:15,,0,Last Full Day for 8th Graders,TRANSPARENT,2807670@school.stannpv.org,FREE
PUBLIC,2025-08-13 05:15:15,,2026-03-17,2025-08-13 05:15:14,2026-03-16,,2025-08-13 05:15:15,,0,No School & YCC Closed | Spring Break,TRANSPARENT,2807672@school.stannpv.org,FREE
PUBLIC,2025-08-13 05:15:15,,2026-03-18,2025-08-13 05:15:14,2026-03-17,,2025-08-13 05:15:15,,0,No School & YCC Closed | Spring Break,TRANSPARENT,2807674@school.stannpv.org,FREE
PUBLIC,2025-08-13 05:15:15,,2026-03-19,2025-08-13 05:15:14,2026-03-18,,2025-08-13 05:15:15,,0,No School & YCC Closed | Spring Break,TRANSPARENT,2807675@school.stannpv.org,FREE
PUBLIC,2025-08-13 05:15:15,,2026-03-20,2025-08-13 05:15:14,2026-03-19,,2025-08-13 05:15:15,,0,No School & YCC Closed | Spring Break,TRANSPARENT,2807677@school.stannpv.org,FREE
PUBLIC,2025-08-13 05:15:15,,2026-03-21,2025-08-13 05:15:14,2026-03-20,,2025-08-13 05:15:15,,0,No School & YCC Closed | Spring Break,TRANSPARENT,2807678@school.stannpv.org,FREE
PUBLIC,2025-08-13 05:15:15,,2026-03-13 12:45:00,2025-08-13 05:15:14,2026-03-13 11:45:00,,2025-08-13 05:15:15,,0,1-8 Early Dismissal,OPAQUE,2807683@school.stannpv.org,BUSY
PUBLIC,2025-08-13 05:15:15,,2026-02-27 12:45:00,2025-08-13 05:15:14,2026-02-27 11:45:00,,2025-08-13 05:15:15,,0,K-8 Early Dismissal,OPAQUE,2807686@school.stannpv.org,BUSY
PUBLIC,2025-08-13 05:15:15,,2026-02-17,2025-08-13 05:15:14,2026-02-16,,2025-08-13 05:15:15,,0,No School & YCC Closed | President's Day,TRANSPARENT,2807688@school.stannpv.org,FREE
PUBLIC,2025-08-13 05:15:15,,2026-02-14,2025-08-13 05:15:14,2026-02-13,,2025-08-13 05:15:15,,0,YCC & K- 8 Spring Conferences | No School,TRANSPARENT,2807690@school.stannpv.org,FREE
PUBLIC,2025-08-13 05:15:15,,2026-02-13,2025-08-13 05:15:14,2026-02-12,,2025-08-13 05:15:15,,0,11:45 AM Early Dismissal (K-8),TRANSPARENT,2807692@school.stannpv.org,FREE
PUBLIC,2025-08-13 05:15:15,,2025-08-14 11:30:00,2025-08-13 05:15:14,2025-08-14 00:00:00,,2025-08-13 05:15:15,,0,Full Time Preschool Starts Dismiss at 11:30 AM,OPAQUE,2807729@school.stannpv.org,BUSY
PUBLIC,2025-08-13 05:15:15,,2025-08-14 10:00:00,2025-08-13 05:15:14,2025-08-14 09:00:00,,2025-08-13 05:15:15,,0,"Part Time Morning 3’s,4’s & Pre-K First Day",OPAQUE,2807730@school.stannpv.org,BUSY
PUBLIC,2025-08-13 05:15:15,,2025-08-14 11:30:00,2025-08-13 05:15:14,2025-08-14 10:30:00,,2025-08-13 05:15:15,,0,Part Time Afternoon 3’s & 4’s First Day,OPAQUE,2807731@school.stannpv.org,BUSY
PUBLIC,2025-08-13 05:15:15,,2025-08-15 11:30:00,2025-08-13 05:15:14,2025-08-15 00:00:00,,2025-08-13 05:15:15,,0,YCC Preschool Classes Dismiss at 11:30 AM,OPAQUE,2807732@school.stannpv.org,BUSY
PUBLIC,2025-08-13 05:15:15,,2025-08-19,2025-08-13 05:15:14,2025-08-18,,2025-08-13 05:15:15,,0,YCC First Day of Extended Day,TRANSPARENT,2807736@school.stannpv.org,FREE
PUBLIC,2025-08-13 05:15:15,,2025-08-19,2025-08-13 05:15:14,2025-08-18,,2025-08-13 05:15:15,,0,YCC Normal Preschool Session Hours Begin,TRANSPARENT,2807738@school.stannpv.org,FREE
PUBLIC,2025-08-13 05:15:15,,2025-08-20,2025-08-13 05:15:14,2025-08-19,,2025-08-13 05:15:15,,0,KDO - Early dismissal all week at 11:30 AM,TRANSPARENT,2807741@school.stannpv.org,FREE
PUBLIC,2025-08-13 05:15:15,,2025-08-21,2025-08-13 05:15:14,2025-08-20,,2025-08-13 05:15:15,,0,KDO - Early dismissal all week at 11:30 AM,TRANSPARENT,2807742@school.stannpv.org,FREE
PUBLIC,2025-08-13 05:15:15,,2025-08-22,2025-08-13 05:15:14,2025-08-21,,2025-08-13 05:15:15,,0,KDO - Early dismissal all week at 11:30 AM,TRANSPARENT,2807743@school.stannpv.org,FREE
PUBLIC,2025-08-13 05:15:15,,2025-08-23,2025-08-13 05:15:14,2025-08-22,,2025-08-13 05:15:15,,0,KDO - Early dismissal all week at 11:30 AM,TRANSPARENT,2807744@school.stannpv.org,FREE
PUBLIC,2025-08-13 05:15:15,,2025-08-19 19:00:00,2025-08-13 05:15:14,2025-08-19 18:00:00,,2025-08-13 05:15:15,,0,YCC Back to School Night,OPAQUE,2807746@school.stannpv.org,BUSY
PUBLIC,2025-08-13 05:15:15,,2025-10-02 19:00:00,2025-08-13 05:15:14,2025-10-02 18:00:00,,2025-08-13 05:15:15,,0,Preschool Mom's Night Out,OPAQUE,2807760@school.stannpv.org,BUSY
PUBLIC,2025-08-13 05:15:15,,2025-11-07 12:30:00,2025-08-13 05:15:14,2025-11-07 11:30:00,,2025-08-13 05:15:15,,0,YCC Early Dismissal,OPAQUE,2807765@school.stannpv.org,BUSY
PUBLIC,2025-08-13 05:15:15,,2025-12-19 12:45:00,2025-08-13 05:15:14,2025-12-19 11:45:00,,2025-08-13 05:15:15,,0,K-8 Early Dismissal Christmas Break Begins,OPAQUE,2807768@school.stannpv.org,BUSY
PUBLIC,2025-08-13 05:15:15,,2026-01-31,2025-08-13 05:15:14,2026-01-30,,2025-08-13 05:15:15,,0,YCC 11:30 AM Early Dismissal,TRANSPARENT,2807776@school.stannpv.org,FREE
PUBLIC,2025-08-13 05:15:15,,2026-02-27 12:30:00,2025-08-13 05:15:14,2026-02-27 11:30:00,,2025-08-13 05:15:15,,0,YCC Early Dismissal,OPAQUE,2807782@school.stannpv.org,BUSY
PUBLIC,2025-08-13 05:15:15,,2026-03-12 19:00:00,2025-08-13 05:15:14,2026-03-12 18:00:00,,2025-08-13 05:15:15,,0,Preschool Dad's Night Out,OPAQUE,2807786@school.stannpv.org,BUSY
PUBLIC,2025-08-13 05:15:15,,2026-03-13 12:30:00,2025-08-13 05:15:14,2026-03-13 11:30:00,,2025-08-13 05:15:15,,0,YCC Early Dismissal,OPAQUE,2807789@school.stannpv.org,BUSY
PUBLIC,2025-08-13 05:15:15,,2026-05-16,2025-08-13 05:15:14,2026-05-15,,2025-08-13 05:15:15,,0,YCC Last Day of School,TRANSPARENT,2807792@school.stannpv.org,FREE
PUBLIC,2025-08-13 05:15:15,,2025-08-19 20:00:00,2025-08-13 05:15:14,2025-08-19 19:00:00,,2025-08-13 05:15:15,,0,PTO Meeting,OPAQUE,2826071@school.stannpv.org,BUSY
PUBLIC,2025-08-13 05:15:15,,2025-08-26,2025-08-13 05:15:14,2025-08-25,,2025-08-13 05:15:15,,0,My Hot Lunch Box,TRANSPARENT,2826072@school.stannpv.org,FREE
PUBLIC,2025-08-13 05:15:15,,2025-08-26 21:00:00,2025-08-13 05:15:14,2025-08-26 18:00:00,,2025-08-13 05:15:15,,0,VIRTUS Training,OPAQUE,2826075@school.stannpv.org,BUSY
PUBLIC,2025-08-13 05:15:15,,2025-08-27 20:00:00,2025-08-13 05:15:14,2025-08-27 17:00:00,,2025-08-13 05:15:15,,0,Culver's Spirit Night,OPAQUE,2826076@school.stannpv.org,BUSY
PUBLIC,2025-08-13 05:15:15,,2025-09-06,2025-08-13 05:15:14,2025-09-05,,2025-08-13 05:15:15,,0,Spirit Day & Spirit Day Cafe,TRANSPARENT,2826077@school.stannpv.org,FREE
PUBLIC,2025-08-13 05:15:15,,2025-09-09,2025-08-13 05:15:14,2025-09-08,,2025-08-13 05:15:15,,0,My Hot Lunch Box,TRANSPARENT,2826078@school.stannpv.org,FREE
PUBLIC,2025-08-13 05:15:15,,2025-09-10 10:00:00,2025-08-13 05:15:14,2025-09-10 09:00:00,,2025-08-13 05:15:15,,0,Moms in Prayer,OPAQUE,2826082@school.stannpv.org,BUSY
PUBLIC,2025-08-13 05:15:15,,2025-09-16 20:00:00,2025-08-13 05:15:14,2025-09-16 19:00:00,,2025-08-13 05:15:15,,0,PTO Meeting,OPAQUE,2826085@school.stannpv.org,BUSY
PUBLIC,2025-08-13 05:15:15,,2025-09-18 10:00:00,2025-08-13 05:15:14,2025-09-18 09:00:00,,2025-08-13 05:15:15,,0,School Council,OPAQUE,2826087@school.stannpv.org,BUSY
PUBLIC,2025-08-13 05:15:15,,2025-09-18 21:00:00,2025-08-13 05:15:14,2025-09-18 17:00:00,,2025-08-13 05:15:15,,0,Wing Stand Spirit Night,OPAQUE,2826088@school.stannpv.org,BUSY
PUBLIC,2025-08-13 05:15:15,,2025-09-20,2025-08-13 05:15:14,2025-09-19,,2025-08-13 05:15:15,,0,1st Quarter Progress Reports,TRANSPARENT,2826090@school.stannpv.org,FREE
PUBLIC,2025-08-13 05:15:15,,2025-09-23,2025-08-13 05:15:14,2025-09-22,,2025-08-13 05:15:15,,0,My Hot Lunch Box,TRANSPARENT,2826091@school.stannpv.org,FREE
PUBLIC,2025-08-13 05:15:15,,2025-09-23 15:30:00,2025-08-13 05:15:14,2025-09-23 08:00:00,,2025-08-13 05:15:15,,0,Picture Day,OPAQUE,2826094@school.stannpv.org,BUSY
PUBLIC,2025-08-13 05:15:15,,2025-09-26 09:15:00,2025-08-13 05:15:14,2025-09-26 08:15:00,,2025-08-13 05:15:15,,0,Mass,OPAQUE,2826095@school.stannpv.org,BUSY
PUBLIC,2025-08-13 05:15:15,,2025-09-30 10:30:00,2025-08-13 05:15:14,2025-09-30 09:15:00,,2025-08-13 05:15:15,,0,Happy Bear - K and 1st Grade,OPAQUE,2826098@school.stannpv.org,BUSY
PUBLIC,2025-08-13 05:15:15,,2025-09-07 20:00:00,2025-08-13 05:15:14,2025-09-07 18:00:00,,2025-08-13 05:15:15,,0,Parish Picnic,OPAQUE,2826100@school.stannpv.org,BUSY
PUBLIC,2025-08-13 05:15:15,,2025-10-07 10:00:00,2025-08-13 05:15:14,2025-10-07 09:30:00,,2025-08-13 05:15:15,"vRecur({'FREQ': ['WEEKLY'], 'COUNT': [4], 'BYDAY': ['TU']})",0,Rosary,OPAQUE,2826103@school.stannpv.org,BUSY
PUBLIC,2025-08-13 05:15:15,,2025-10-11,2025-08-13 05:15:14,2025-10-10,,2025-08-13 05:15:15,,0,End of 1st Quarter,TRANSPARENT,2826106@school.stannpv.org,FREE
PUBLIC,2025-08-13 05:15:15,,2025-10-11,2025-08-13 05:15:14,2025-10-10,,2025-08-13 05:15:15,,0,Spirit Day & Spirit Day Cafe,TRANSPARENT,2826108@school.stannpv.org,FREE
PUBLIC,2025-08-13 05:15:15,,2025-10-11,2025-08-13 05:15:14,2025-10-10,,2025-08-13 05:15:15,,0,Walk and Roll to School,TRANSPARENT,2826109@school.stannpv.org,FREE
PUBLIC,2025-08-13 05:15:15,,2025-10-11,2025-08-13 05:15:14,2025-10-10,,2025-08-13 05:15:15,,0,Chat & Chew,TRANSPARENT,2826112@school.stannpv.org,FREE
PUBLIC,2025-08-13 05:15:15,,2025-10-14,2025-08-13 05:15:14,2025-10-13,,2025-08-13 05:15:15,,0,My Hot Lunch Box,TRANSPARENT,2826113@school.stannpv.org,FREE
PUBLIC,2025-08-13 05:15:15,,2025-10-14 20:00:00,2025-08-13 05:15:14,2025-10-14 19:00:00,,2025-08-13 05:15:15,,0,PTO Meeting,OPAQUE,2826115@school.stannpv.org,BUSY
PUBLIC,2025-08-13 05:15:15,,2025-10-23 10:00:00,2025-08-13 05:15:14,2025-10-23 09:00:00,,2025-08-13 05:15:15,,0,School Council,OPAQUE,2826116@school.stannpv.org,BUSY
PUBLIC,2025-08-13 05:15:15,,2025-10-24 20:30:00,2025-08-13 05:15:14,2025-10-24 16:00:00,,2025-08-13 05:15:15,,0,Trunk or Treat,OPAQUE,2826118@school.stannpv.org,BUSY
PUBLIC,2025-08-13 05:15:15,,2025-10-28,2025-08-13 05:15:14,2025-10-27,,2025-08-13 05:15:15,,0,My Hot Lunch Box,TRANSPARENT,2826119@school.stannpv.org,FREE
PUBLIC,2025-08-13 05:15:15,,2025-10-31 15:10:00,2025-08-13 05:15:14,2025-10-31 14:10:00,,2025-08-13 05:15:15,,0,Halloween Parade K-2nd,OPAQUE,2826121@school.stannpv.org,BUSY
PUBLIC,2025-08-13 05:15:15,,2025-10-31 15:30:00,2025-08-13 05:15:14,2025-10-31 14:30:00,,2025-08-13 05:15:15,,0,Halloween Parties,OPAQUE,2826123@school.stannpv.org,BUSY
PUBLIC,2025-08-13 05:15:15,,2025-11-02,2025-08-13 05:15:14,2025-11-01,,2025-08-13 05:15:15,,0,All Saints Day,TRANSPARENT,2826127@school.stannpv.org,FREE
PUBLIC,2025-08-13 05:15:15,,2025-11-04 10:00:00,2025-08-13 05:15:14,2025-11-04 09:00:00,,2025-08-13 05:15:15,,0,Picture Retakes,OPAQUE,2826129@school.stannpv.org,BUSY
PUBLIC,2025-08-13 05:15:15,,2025-11-07 09:15:00,2025-08-13 05:15:14,2025-11-07 08:15:00,,2025-08-13 05:15:15,,0,Mass,OPAQUE,2826130@school.stannpv.org,BUSY
PUBLIC,2025-08-13 05:15:15,,2025-11-11,2025-08-13 05:15:14,2025-11-10,,2025-08-13 05:15:15,,0,My Hot Lunch Box,TRANSPARENT,2826132@school.stannpv.org,FREE
PUBLIC,2025-08-13 05:15:15,,2025-11-11 14:30:00,2025-08-13 05:15:14,2025-11-11 13:30:00,,2025-08-13 05:15:15,,0,Veteran's Day Concert (4th - 6th Grade),OPAQUE,2826134@school.stannpv.org,BUSY
PUBLIC,2025-08-13 05:15:15,,2025-11-11 19:30:00,2025-08-13 05:15:14,2025-11-11 18:30:00,,2025-08-13 05:15:15,,0,Veteran's Day Concert (4th - 6th Grade),OPAQUE,2826135@school.stannpv.org,BUSY
PUBLIC,2025-08-13 05:15:15,,2025-11-12 10:00:00,2025-08-13 05:15:14,2025-11-12 09:00:00,,2025-08-13 05:15:15,,0,Moms In Prayer,OPAQUE,2826138@school.stannpv.org,BUSY
PUBLIC,2025-08-13 05:15:15,,2025-11-13 20:00:00,2025-08-13 05:15:14,2025-11-13 19:00:00,,2025-08-13 05:15:15,,0,First Reconciliation,OPAQUE,2826144@school.stannpv.org,BUSY
PUBLIC,2025-08-13 05:15:15,,2025-11-15,2025-08-13 05:15:14,2025-11-14,,2025-08-13 05:15:15,,0,Spirit Day & Spirit Day Cafe,TRANSPARENT,2826146@school.stannpv.org,FREE
PUBLIC,2025-08-13 05:15:15,,2025-11-17,2025-08-13 05:15:14,2025-11-16,,2025-08-13 05:15:15,,0,Book Fair,TRANSPARENT,2826151@school.stannpv.org,FREE
PUBLIC,2025-08-13 05:15:15,,2025-11-18,2025-08-13 05:15:14,2025-11-17,,2025-08-13 05:15:15,,0,Book Fair,TRANSPARENT,2826152@school.stannpv.org,FREE
PUBLIC,2025-08-13 05:15:15,,2025-11-19,2025-08-13 05:15:14,2025-11-18,,2025-08-13 05:15:15,,0,Book Fair,TRANSPARENT,2826153@school.stannpv.org,FREE
PUBLIC,2025-08-13 05:15:15,,2025-11-20,2025-08-13 05:15:14,2025-11-19,,2025-08-13 05:15:15,,0,Book Fair,TRANSPARENT,2826154@school.stannpv.org,FREE
PUBLIC,2025-08-13 05:15:15,,2025-11-21,2025-08-13 05:15:14,2025-11-20,,2025-08-13 05:15:15,,0,Book Fair,TRANSPARENT,2826155@school.stannpv.org,FREE
PUBLIC,2025-08-13 05:15:15,,2025-11-22,2025-08-13 05:15:14,2025-11-21,,2025-08-13 05:15:15,,0,Last Day for Shorts,TRANSPARENT,2826158@school.stannpv.org,FREE
PUBLIC,2025-08-13 05:15:15,,2025-11-21 09:15:00,2025-08-13 05:15:14,2025-11-21 08:15:00,,2025-08-13 05:15:15,,0,Mass,OPAQUE,2826159@school.stannpv.org,BUSY
PUBLIC,2025-08-13 05:15:15,,2025-11-22,2025-08-13 05:15:14,2025-11-21,,2025-08-13 05:15:15,,0,2nd Quarter Progress Reports,TRANSPARENT,2826160@school.stannpv.org,FREE
PUBLIC,2025-08-13 05:15:15,,2025-12-06,2025-08-13 05:15:14,2025-12-05,,2025-08-13 05:15:15,,0,Spirit Day & Spirit Day Cafe,TRANSPARENT,2828059@school.stannpv.org,FREE
PUBLIC,2025-08-13 05:15:15,,2025-12-06,2025-08-13 05:15:14,2025-12-05,,2025-08-13 05:15:15,,0,Chat & Chew,TRANSPARENT,2828061@school.stannpv.org,FREE
PUBLIC,2025-08-13 05:15:15,,2025-12-08 09:15:00,2025-08-13 05:15:14,2025-12-08 08:15:00,,2025-08-13 05:15:15,,0,Feast of the Immaculate Conception,OPAQUE,2828065@school.stannpv.org,BUSY
PUBLIC,2025-08-13 05:15:15,,2025-12-09,2025-08-13 05:15:14,2025-12-08,,2025-08-13 05:15:15,,0,My Hot Lunch Box,TRANSPARENT,2828066@school.stannpv.org,FREE
PUBLIC,2025-08-13 05:15:15,,2025-12-09 20:00:00,2025-08-13 05:15:14,2025-12-09 19:00:00,,2025-08-13 05:15:15,,0,PTO Meeting,OPAQUE,2828067@school.stannpv.org,BUSY
PUBLIC,2025-08-13 05:15:15,,2025-12-17 14:30:00,2025-08-13 05:15:14,2025-12-17 13:30:00,,2025-08-13 05:15:15,,0,K-3 Christmas Program,OPAQUE,2828068@school.stannpv.org,BUSY
PUBLIC,2025-08-13 05:15:15,,2025-12-17 19:30:00,2025-08-13 05:15:14,2025-12-17 18:30:00,,2025-08-13 05:15:15,,0,K-3 Christmas Program,OPAQUE,2828069@school.stannpv.org,BUSY
PUBLIC,2025-08-13 05:15:15,,2025-12-18 10:00:00,2025-08-13 05:15:14,2025-12-18 09:00:00,,2025-08-13 05:15:15,,0,School Council Meeting,OPAQUE,2828073@school.stannpv.org,BUSY
PUBLIC,2025-08-13 05:15:15,,2025-12-19 12:15:00,2025-08-13 05:15:14,2025-12-19 11:15:00,,2025-08-13 05:15:15,,0,Christmas Parties K-8,OPAQUE,2828076@school.stannpv.org,BUSY
PUBLIC,2025-08-13 05:15:15,,2026-01-10,2025-08-13 05:15:14,2026-01-09,,2025-08-13 05:15:15,,0,Spirit Day & Spirit Day Cafe,TRANSPARENT,2828089@school.stannpv.org,FREE
PUBLIC,2025-08-13 05:15:15,,2026-01-10,2025-08-13 05:15:14,2026-01-09,,2025-08-13 05:15:15,,0,26-27 Registration Opens,TRANSPARENT,2828092@school.stannpv.org,FREE
PUBLIC,2025-08-13 05:15:15,,2026-01-13,2025-08-13 05:15:14,2026-01-12,,2025-08-13 05:15:15,,0,My Hot Lunch Box,TRANSPARENT,2828094@school.stannpv.org,FREE
PUBLIC,2025-08-13 05:15:15,,2026-01-13 20:00:00,2025-08-13 05:15:14,2026-01-13 19:00:00,,2025-08-13 05:15:15,,0,PTO Meeting,OPAQUE,2828096@school.stannpv.org,BUSY
PUBLIC,2025-08-13 05:15:15,,2026-01-14 10:15:00,2025-08-13 05:15:14,2026-01-14 09:15:00,,2025-08-13 05:15:15,,0,Moms in Prayer,OPAQUE,2828102@school.stannpv.org,BUSY
PUBLIC,2025-08-13 05:15:15,,2026-01-22 10:00:00,2025-08-13 05:15:14,2026-01-22 09:00:00,,2025-08-13 05:15:15,,0,School Council Meeting,OPAQUE,2828104@school.stannpv.org,BUSY
PUBLIC,2025-08-13 05:15:15,,2026-01-22 15:00:00,2025-08-13 05:15:14,2026-01-22 13:45:00,,2025-08-13 05:15:15,,0,Spelling Bee 3rd - 8th,OPAQUE,2828106@school.stannpv.org,BUSY
PUBLIC,2025-08-13 05:15:15,,2026-01-27,2025-08-13 05:15:14,2026-01-26,,2025-08-13 05:15:15,,0,My Hot Lunch,TRANSPARENT,2828108@school.stannpv.org,FREE
PUBLIC,2025-08-13 05:15:15,,2026-01-26 10:30:00,2025-08-13 05:15:14,2026-01-26 09:30:00,,2025-08-13 05:15:15,,0,Rosary,OPAQUE,2828111@school.stannpv.org,BUSY
PUBLIC,2025-08-13 05:15:15,,2026-01-28 09:45:00,2025-08-13 05:15:14,2026-01-28 09:00:00,,2025-08-13 05:15:15,,0,Near & Dear,OPAQUE,2828113@school.stannpv.org,BUSY
PUBLIC,2025-08-13 05:15:15,,2026-01-30 22:30:00,2025-08-13 05:15:14,2026-01-30 21:30:00,,2025-08-13 05:15:15,,0,K-8 Talent Show,OPAQUE,2828115@school.stannpv.org,BUSY
PUBLIC,2025-08-13 05:15:15,,2026-01-30 21:00:00,2025-08-13 05:15:14,2026-01-30 18:30:00,,2025-08-13 05:15:15,,0,Trivia Night,OPAQUE,2828116@school.stannpv.org,BUSY
PUBLIC,2025-08-13 05:15:15,,2026-02-03,2025-08-13 05:15:14,2026-02-02,,2025-08-13 05:15:15,,0,School Counselor Appreciation Day,TRANSPARENT,2828118@school.stannpv.org,FREE
PUBLIC,2025-08-13 05:15:15,,2026-02-07,2025-08-13 05:15:14,2026-02-06,,2025-08-13 05:15:15,,0,Spirit Day & Spirit Day Cafe,TRANSPARENT,2828119@school.stannpv.org,FREE
PUBLIC,2025-08-13 05:15:15,,2026-02-07,2025-08-13 05:15:14,2026-02-06,,2025-08-13 05:15:15,,0,Chat & Chew,TRANSPARENT,2828120@school.stannpv.org,FREE
PUBLIC,2025-08-13 05:15:15,,2026-02-10,2025-08-13 05:15:14,2026-02-09,,2025-08-13 05:15:15,,0,26-27 Registration Closes,TRANSPARENT,2828122@school.stannpv.org,FREE
PUBLIC,2025-08-13 05:15:15,,2026-02-10,2025-08-13 05:15:14,2026-02-09,,2025-08-13 05:15:15,,0,My Hot Lunch Box,TRANSPARENT,2828123@school.stannpv.org,FREE
PUBLIC,2025-08-13 05:15:15,,2026-02-10 20:00:00,2025-08-13 05:15:14,2026-02-10 19:00:00,,2025-08-13 05:15:15,,0,PTO Meetin,OPAQUE,2828125@school.stannpv.org,BUSY
PUBLIC,2025-08-13 05:15:15,,2026-02-12 12:00:00,2025-08-13 05:15:14,2026-02-12 11:00:00,,2025-08-13 05:15:15,,0,K-8 St. Valentine Day Parties,OPAQUE,2828126@school.stannpv.org,BUSY
PUBLIC,2025-08-13 05:15:15,,2026-02-14,2025-08-13 05:15:14,2026-02-13,,2025-08-13 05:15:15,,0,3rd Quarter Progress,TRANSPARENT,2828129@school.stannpv.org,FREE
PUBLIC,2025-08-13 05:15:15,,2026-02-13 12:00:00,2025-08-13 05:15:14,2026-02-13 10:00:00,,2025-08-13 05:15:15,,0,K-8 Parent Teacher Conferences,OPAQUE,2828131@school.stannpv.org,BUSY
PUBLIC,2025-08-13 05:15:15,,2026-02-13 16:00:00,2025-08-13 05:15:14,2026-02-13 13:00:00,,2025-08-13 05:15:15,,0,K-8 Parent Teacher Conferences,OPAQUE,2828132@school.stannpv.org,BUSY
PUBLIC,2025-08-13 05:15:15,,2026-02-18 09:15:00,2025-08-13 05:15:14,2026-02-18 08:15:00,,2025-08-13 05:15:15,,0,Ash Wednesday Mass,OPAQUE,2828133@school.stannpv.org,BUSY
PUBLIC,2025-08-13 05:15:15,,2026-02-19 10:00:00,2025-08-13 05:15:14,2026-02-19 09:00:00,,2025-08-13 05:15:15,,0,School Council Meeting,OPAQUE,2828134@school.stannpv.org,BUSY
PUBLIC,2025-08-13 05:15:15,,2026-02-24,2025-08-13 05:15:14,2026-02-23,,2025-08-13 05:15:15,,0,My Hot Lunch Box,TRANSPARENT,2828135@school.stannpv.org,FREE
PUBLIC,2025-08-13 05:15:15,,2026-03-03 09:00:00,2025-08-13 05:15:14,2026-03-03 08:00:00,,2025-08-13 05:15:15,,0,Class Photos and 8th Grade Composite Photo,OPAQUE,2828136@school.stannpv.org,BUSY
PUBLIC,2025-08-13 05:15:15,,2026-03-07,2025-08-13 05:15:14,2026-03-06,,2025-08-13 05:15:15,,0,Spirit Day & Spirit Day Cafe,TRANSPARENT,2828137@school.stannpv.org,FREE
PUBLIC,2025-08-13 05:15:15,,2026-03-07,2025-08-13 05:15:14,2026-03-06,,2025-08-13 05:15:15,,0,End of 3rd Quarter,TRANSPARENT,2828138@school.stannpv.org,FREE
PUBLIC,2025-08-13 05:15:15,,2026-03-10,2025-08-13 05:15:14,2026-03-09,,2025-08-13 05:15:15,,0,My Hot Lunch Box,TRANSPARENT,2828140@school.stannpv.org,FREE
PUBLIC,2025-08-13 05:15:15,,2026-03-10 20:00:00,2025-08-13 05:15:14,2026-03-10 19:00:00,,2025-08-13 05:15:15,,0,PTO Meeting,OPAQUE,2828142@school.stannpv.org,BUSY
PUBLIC,2025-08-13 05:15:15,,2026-03-10 20:00:00,2025-08-13 05:15:14,2026-03-10 17:00:00,,2025-08-13 05:15:15,,0,Culver's Spirirt Night,OPAQUE,2828144@school.stannpv.org,BUSY
PUBLIC,2025-08-13 05:15:15,,2026-03-11 10:15:00,2025-08-13 05:15:14,2026-03-11 09:15:00,,2025-08-13 05:15:15,,0,Moms in Prayer,OPAQUE,2828146@school.stannpv.org,BUSY
PUBLIC,2025-08-13 05:15:15,,2026-03-13,2025-08-13 05:15:14,2026-03-12,,2025-08-13 05:15:15,,0,Kindergarten Round- Up 26-27 year,TRANSPARENT,2828150@school.stannpv.org,FREE
PUBLIC,2025-08-13 05:15:15,,2026-03-13,2025-08-13 05:15:14,2026-03-12,,2025-08-13 05:15:15,,0,Kindergarten NO School,TRANSPARENT,2828151@school.stannpv.org,FREE
PUBLIC,2025-08-13 05:15:15,,2026-03-14,2025-08-13 05:15:14,2026-03-13,,2025-08-13 05:15:15,,0,Kindergarten NO School,TRANSPARENT,2828153@school.stannpv.org,FREE
PUBLIC,2025-08-13 05:15:15,,2026-03-14,2025-08-13 05:15:14,2026-03-13,,2025-08-13 05:15:15,,0,Kindergarten Round- Up 26-27 year,TRANSPARENT,2828154@school.stannpv.org,FREE
PUBLIC,2025-08-13 05:15:15,,2026-03-24,2025-08-13 05:15:14,2026-03-23,,2025-08-13 05:15:15,,0,First Day for Shorts,TRANSPARENT,2828157@school.stannpv.org,FREE
PUBLIC,2025-08-13 05:15:15,,2026-03-24,2025-08-13 05:15:14,2026-03-23,,2025-08-13 05:15:15,,0,My Hot Lunch Box,TRANSPARENT,2828158@school.stannpv.org,FREE
PUBLIC,2025-08-13 05:15:15,,2026-03-27,2025-08-13 05:15:14,2026-03-26,,2025-08-13 05:15:15,,0,School Council Meeting,TRANSPARENT,2828159@school.stannpv.org,FREE
PUBLIC,2025-08-13 05:15:15,,2026-03-28,2025-08-13 05:15:14,2026-03-27,,2025-08-13 05:15:15,,0,Tiger Trot Kick Off,TRANSPARENT,2828160@school.stannpv.org,FREE
PUBLIC,2025-08-13 05:15:15,,2026-04-11,2025-08-13 05:15:14,2026-04-10,,2025-08-13 05:15:15,,0,Spirit Day & Spirit Day Cafe,TRANSPARENT,2828163@school.stannpv.org,FREE
PUBLIC,2025-08-13 05:15:15,,2026-04-11,2025-08-13 05:15:14,2026-04-10,,2025-08-13 05:15:15,,0,Chat and Chew,TRANSPARENT,2828164@school.stannpv.org,FREE
PUBLIC,2025-08-13 05:15:15,,2026-04-10 14:30:00,2025-08-13 05:15:14,2026-04-10 13:30:00,,2025-08-13 05:15:15,,0,26/27 Kindergarten Kick Off,OPAQUE,2828165@school.stannpv.org,BUSY
PUBLIC,2025-08-13 05:15:15,,2026-04-10 12:40:00,2025-08-13 05:15:14,2026-04-10 11:40:00,,2025-08-13 05:15:15,,0,25/26 Kindergarten Dismiss at 11:40 AM,OPAQUE,2828167@school.stannpv.org,BUSY
PUBLIC,2025-08-13 05:15:15,,2026-04-14,2025-08-13 05:15:14,2026-04-13,,2025-08-13 05:15:15,,0,My Hot Lunch Box,TRANSPARENT,2828168@school.stannpv.org,FREE
PUBLIC,2025-08-13 05:15:15,,2026-04-14 20:00:00,2025-08-13 05:15:14,2026-04-14 19:00:00,,2025-08-13 05:15:15,,0,PTO Meeting,OPAQUE,2828169@school.stannpv.org,BUSY
PUBLIC,2025-08-13 05:15:15,,2026-04-14 11:30:00,2025-08-13 05:15:14,2026-04-14 10:30:00,,2025-08-13 05:15:15,,0,Pen Friend Gathering,OPAQUE,2828170@school.stannpv.org,BUSY
PUBLIC,2025-08-13 05:15:15,,2026-04-19 14:00:00,2025-08-13 05:15:14,2026-04-19 13:00:00,,2025-08-13 05:15:15,,0,First Communion,OPAQUE,2828171@school.stannpv.org,BUSY
PUBLIC,2025-08-13 05:15:15,,2026-04-22 14:30:00,2025-08-13 05:15:14,2026-04-22 13:30:00,,2025-08-13 05:15:15,,0,8th Grade Production,OPAQUE,2828172@school.stannpv.org,BUSY
PUBLIC,2025-08-13 05:15:15,,2026-04-22 19:30:00,2025-08-13 05:15:14,2026-04-22 18:30:00,,2025-08-13 05:15:15,,0,8th Grade Production,OPAQUE,2828173@school.stannpv.org,BUSY
PUBLIC,2025-08-13 05:15:15,,2026-04-23 10:00:00,2025-08-13 05:15:14,2026-04-23 09:00:00,,2025-08-13 05:15:15,,0,School Council Meeting,OPAQUE,2828174@school.stannpv.org,BUSY
PUBLIC,2025-08-13 05:15:15,,2026-04-25,2025-08-13 05:15:14,2026-04-24,,2025-08-13 05:15:15,,0,4th Quarter Progress Report,TRANSPARENT,2828175@school.stannpv.org,FREE
PUBLIC,2025-08-13 05:15:15,,2026-04-28,2025-08-13 05:15:14,2026-04-27,,2025-08-13 05:15:15,,0,My Hot Lunch Box,TRANSPARENT,2828176@school.stannpv.org,FREE
PUBLIC,2025-08-13 05:15:15,,2026-05-01,2025-08-13 05:15:14,2026-04-30,,2025-08-13 05:15:15,,0,Rain Out Day for Tiger Trot,TRANSPARENT,2828177@school.stannpv.org,FREE
PUBLIC,2025-08-13 05:15:15,,2026-05-05,2025-08-13 05:15:14,2026-05-04,,2025-08-13 05:15:15,,0,Teacher Appreciation Week,TRANSPARENT,2828178@school.stannpv.org,FREE
PUBLIC,2025-08-13 05:15:15,,2026-05-06,2025-08-13 05:15:14,2026-05-05,,2025-08-13 05:15:15,,0,Teacher Appreciation Week,TRANSPARENT,2828179@school.stannpv.org,FREE
PUBLIC,2025-08-13 05:15:15,,2026-05-07,2025-08-13 05:15:14,2026-05-06,,2025-08-13 05:15:15,,0,Teacher Appreciation Week,TRANSPARENT,2828180@school.stannpv.org,FREE
PUBLIC,2025-08-13 05:15:15,,2026-05-08,2025-08-13 05:15:14,2026-05-07,,2025-08-13 05:15:15,,0,Teacher Appreciation Week,TRANSPARENT,2828181@school.stannpv.org,FREE
PUBLIC,2025-08-13 05:15:15,,2026-05-09,2025-08-13 05:15:14,2026-05-08,,2025-08-13 05:15:15,,0,Teacher Appreciation Week,TRANSPARENT,2828182@school.stannpv.org,FREE
PUBLIC,2025-08-13 05:15:15,,2026-05-05 10:30:00,2025-08-13 05:15:14,2026-05-05 09:30:00,,2025-08-13 05:15:15,,0,Rosary,OPAQUE,2828183@school.stannpv.org,BUSY
PUBLIC,2025-08-13 05:15:15,,2026-05-06 10:15:00,2025-08-13 05:15:14,2026-05-06 09:15:00,,2025-08-13 05:15:15,,0,Moms in Prayer,OPAQUE,2828186@school.stannpv.org,BUSY
PUBLIC,2025-08-13 05:15:15,,2026-05-12,2025-08-13 05:15:14,2026-05-11,,2025-08-13 05:15:15,,0,My Hot Lunch Box,TRANSPARENT,2828187@school.stannpv.org,FREE
PUBLIC,2025-08-13 05:15:15,,2026-05-12 10:30:00,2025-08-13 05:15:14,2026-05-12 09:30:00,,2025-08-13 05:15:15,,0,Rosary,OPAQUE,2828188@school.stannpv.org,BUSY
PUBLIC,2025-08-13 05:15:15,,2026-05-18 12:00:00,2025-08-13 05:15:14,2026-05-18 11:00:00,,2025-08-13 05:15:15,,0,Kindergarten Last Day,OPAQUE,2828191@school.stannpv.org,BUSY
PUBLIC,2025-08-13 05:15:15,,2025-08-26,2025-08-13 05:15:14,2025-08-25,,2025-08-13 05:15:15,,0,KDO starts Full Days,TRANSPARENT,2836716@school.stannpv.org,FREE
PUBLIC,2025-08-13 05:15:15,,2025-12-18 19:30:00,2025-08-13 05:15:14,2025-12-18 18:30:00,,2025-08-13 05:15:15,,0,YCC Christmas Program,OPAQUE,2836724@school.stannpv.org,BUSY
PUBLIC,2025-08-13 05:15:15,,2025-12-19 11:30:00,2025-08-13 05:15:14,2025-12-19 11:00:00,,2025-08-13 05:15:15,,0,YCC Christmas Parties,OPAQUE,2836727@school.stannpv.org,BUSY
PUBLIC,2025-08-13 05:15:15,,2026-02-13,2025-08-13 05:15:14,2026-02-12,,2025-08-13 05:15:15,,0,YCC Valentine Parties,TRANSPARENT,2836731@school.stannpv.org,FREE
